,0, Best Global,Best Classifier
0,2,0.8551282051282051, LinearDiscriminantAnalysis
1,7,0.8551282051282051, LinearDiscriminantAnalysis
2,9,0.8551282051282051, LinearDiscriminantAnalysis
3,10,0.8551282051282051, LinearDiscriminantAnalysis
4,14,0.8551282051282051, LinearDiscriminantAnalysis
5,16,0.8551282051282051, LinearDiscriminantAnalysis
6,17,0.8551282051282051, LinearDiscriminantAnalysis
7,18,0.8551282051282051, LinearDiscriminantAnalysis
8,19,0.8551282051282051, LinearDiscriminantAnalysis
9,22,0.8551282051282051, LinearDiscriminantAnalysis
10,24,0.8551282051282051, LinearDiscriminantAnalysis
11,29,0.8551282051282051, LinearDiscriminantAnalysis
12,31,0.8551282051282051, LinearDiscriminantAnalysis
13,35,0.8551282051282051, LinearDiscriminantAnalysis
14,36,0.8551282051282051, LinearDiscriminantAnalysis
15,37,0.8551282051282051, LinearDiscriminantAnalysis
16,38,0.8551282051282051, LinearDiscriminantAnalysis
17,40,0.8551282051282051, LinearDiscriminantAnalysis
18,41,0.8551282051282051, LinearDiscriminantAnalysis
19,42,0.8551282051282051, LinearDiscriminantAnalysis
20,46,0.8551282051282051, LinearDiscriminantAnalysis
21,48,0.8551282051282051, LinearDiscriminantAnalysis
22,50,0.8551282051282051, LinearDiscriminantAnalysis
23,51,0.8551282051282051, LinearDiscriminantAnalysis
24,52,0.8551282051282051, LinearDiscriminantAnalysis
25,55,0.8551282051282051, LinearDiscriminantAnalysis
26,58,0.8551282051282051, LinearDiscriminantAnalysis
27,59,0.8551282051282051, LinearDiscriminantAnalysis
28,60,0.8551282051282051, LinearDiscriminantAnalysis
29,63,0.8551282051282051, LinearDiscriminantAnalysis
30,64,0.8551282051282051, LinearDiscriminantAnalysis
31,72,0.8551282051282051, LinearDiscriminantAnalysis
32,73,0.8551282051282051, LinearDiscriminantAnalysis
33,74,0.8551282051282051, LinearDiscriminantAnalysis
34,79,0.8551282051282051, LinearDiscriminantAnalysis
35,82,0.8551282051282051, LinearDiscriminantAnalysis
36,84,0.8551282051282051, LinearDiscriminantAnalysis
37,85,0.8551282051282051, LinearDiscriminantAnalysis
38,86,0.8551282051282051, LinearDiscriminantAnalysis
39,87,0.8551282051282051, LinearDiscriminantAnalysis
40,88,0.8551282051282051, LinearDiscriminantAnalysis
41,89,0.8551282051282051, LinearDiscriminantAnalysis
42,92,0.8551282051282051, LinearDiscriminantAnalysis
43,93,0.8551282051282051, LinearDiscriminantAnalysis
44,94,0.8551282051282051, LinearDiscriminantAnalysis
45,96,0.8551282051282051, LinearDiscriminantAnalysis
46,97,0.8551282051282051, LinearDiscriminantAnalysis
47,98,0.8551282051282051, LinearDiscriminantAnalysis
48,100,0.8551282051282051, LinearDiscriminantAnalysis
49,102,0.8551282051282051, LinearDiscriminantAnalysis
50,103,0.8551282051282051, LinearDiscriminantAnalysis
51,105,0.8551282051282051, LinearDiscriminantAnalysis
52,107,0.8551282051282051, LinearDiscriminantAnalysis
53,109,0.8551282051282051, LinearDiscriminantAnalysis
54,110,0.8551282051282051, LinearDiscriminantAnalysis
55,113,0.8551282051282051, LinearDiscriminantAnalysis
56,114,0.8551282051282051, LinearDiscriminantAnalysis
57,117,0.8551282051282051, LinearDiscriminantAnalysis
58,118,0.8551282051282051, LinearDiscriminantAnalysis
59,120,0.8551282051282051, LinearDiscriminantAnalysis
60,122,0.8551282051282051, LinearDiscriminantAnalysis
61,124,0.8551282051282051, LinearDiscriminantAnalysis
62,130,0.8551282051282051, LinearDiscriminantAnalysis
63,132,0.8551282051282051, LinearDiscriminantAnalysis
64,135,0.8551282051282051, LinearDiscriminantAnalysis
65,138,0.8551282051282051, LinearDiscriminantAnalysis
66,140,0.8551282051282051, LinearDiscriminantAnalysis
67,144,0.8551282051282051, LinearDiscriminantAnalysis
68,149,0.8551282051282051, LinearDiscriminantAnalysis
69,153,0.8551282051282051, LinearDiscriminantAnalysis
70,154,0.8551282051282051, LinearDiscriminantAnalysis
71,155,0.8551282051282051, LinearDiscriminantAnalysis
72,162,0.8551282051282051, LinearDiscriminantAnalysis
73,163,0.8551282051282051, LinearDiscriminantAnalysis
74,164,0.8551282051282051, LinearDiscriminantAnalysis
75,170,0.8551282051282051, LinearDiscriminantAnalysis
76,172,0.8551282051282051, LinearDiscriminantAnalysis
77,178,0.8551282051282051, LinearDiscriminantAnalysis
78,180,0.8551282051282051, LinearDiscriminantAnalysis
79,183,0.8551282051282051, LinearDiscriminantAnalysis
80,185,0.8551282051282051, LinearDiscriminantAnalysis
81,186,0.8551282051282051, LinearDiscriminantAnalysis
82,187,0.8551282051282051, LinearDiscriminantAnalysis
83,192,0.8551282051282051, LinearDiscriminantAnalysis
84,199,0.8551282051282051, LinearDiscriminantAnalysis
85,207,0.8551282051282051, LinearDiscriminantAnalysis
86,212,0.8551282051282051, LinearDiscriminantAnalysis
87,213,0.8551282051282051, LinearDiscriminantAnalysis
88,214,0.8551282051282051, LinearDiscriminantAnalysis
89,215,0.8551282051282051, LinearDiscriminantAnalysis
90,219,0.8551282051282051, LinearDiscriminantAnalysis
91,232,0.8551282051282051, LinearDiscriminantAnalysis
92,237,0.8551282051282051, LinearDiscriminantAnalysis
93,242,0.8551282051282051, LinearDiscriminantAnalysis
94,244,0.8551282051282051, LinearDiscriminantAnalysis
95,247,0.8551282051282051, LinearDiscriminantAnalysis
96,255,0.8551282051282051, LinearDiscriminantAnalysis
97,256,0.8551282051282051, LinearDiscriminantAnalysis
98,258,0.8551282051282051, LinearDiscriminantAnalysis
99,260,0.8551282051282051, LinearDiscriminantAnalysis
100,261,0.8551282051282051, LinearDiscriminantAnalysis
101,262,0.8551282051282051, LinearDiscriminantAnalysis
102,264,0.8551282051282051, LinearDiscriminantAnalysis
103,270,0.8551282051282051, LinearDiscriminantAnalysis
104,271,0.8551282051282051, LinearDiscriminantAnalysis
105,273,0.8551282051282051, LinearDiscriminantAnalysis
106,275,0.8551282051282051, LinearDiscriminantAnalysis
107,276,0.8551282051282051, LinearDiscriminantAnalysis
108,280,0.8551282051282051, LinearDiscriminantAnalysis
109,281,0.8551282051282051, LinearDiscriminantAnalysis
110,283,0.8551282051282051, LinearDiscriminantAnalysis
111,286,0.8551282051282051, LinearDiscriminantAnalysis
112,287,0.8551282051282051, LinearDiscriminantAnalysis
113,288,0.8551282051282051, LinearDiscriminantAnalysis
114,289,0.8551282051282051, LinearDiscriminantAnalysis
115,292,0.8551282051282051, LinearDiscriminantAnalysis
116,293,0.8551282051282051, LinearDiscriminantAnalysis
117,295,0.8551282051282051, LinearDiscriminantAnalysis
118,297,0.8551282051282051, LinearDiscriminantAnalysis
119,300,0.8551282051282051, LinearDiscriminantAnalysis
120,301,0.8551282051282051, LinearDiscriminantAnalysis
121,302,0.8551282051282051, LinearDiscriminantAnalysis
122,304,0.8551282051282051, LinearDiscriminantAnalysis
123,307,0.8551282051282051, LinearDiscriminantAnalysis
124,309,0.8551282051282051, LinearDiscriminantAnalysis
125,312,0.8551282051282051, LinearDiscriminantAnalysis
126,313,0.8551282051282051, LinearDiscriminantAnalysis
127,314,0.8551282051282051, LinearDiscriminantAnalysis
128,315,0.8551282051282051, LinearDiscriminantAnalysis
129,317,0.8551282051282051, LinearDiscriminantAnalysis
130,323,0.8551282051282051, LinearDiscriminantAnalysis
131,324,0.8551282051282051, LinearDiscriminantAnalysis
132,328,0.8551282051282051, LinearDiscriminantAnalysis
133,330,0.8551282051282051, LinearDiscriminantAnalysis
134,331,0.8551282051282051, LinearDiscriminantAnalysis
135,337,0.8551282051282051, LinearDiscriminantAnalysis
136,338,0.8551282051282051, LinearDiscriminantAnalysis
137,340,0.8551282051282051, LinearDiscriminantAnalysis
138,341,0.8551282051282051, LinearDiscriminantAnalysis
139,342,0.8551282051282051, LinearDiscriminantAnalysis
140,343,0.8551282051282051, LinearDiscriminantAnalysis
141,344,0.8551282051282051, LinearDiscriminantAnalysis
142,346,0.8551282051282051, LinearDiscriminantAnalysis
143,347,0.8551282051282051, LinearDiscriminantAnalysis
144,348,0.8551282051282051, LinearDiscriminantAnalysis
145,354,0.8551282051282051, LinearDiscriminantAnalysis
146,356,0.8551282051282051, LinearDiscriminantAnalysis
147,358,0.8551282051282051, LinearDiscriminantAnalysis
148,361,0.8551282051282051, LinearDiscriminantAnalysis
149,363,0.8551282051282051, LinearDiscriminantAnalysis
150,364,0.8551282051282051, LinearDiscriminantAnalysis
151,366,0.8551282051282051, LinearDiscriminantAnalysis
152,369,0.8551282051282051, LinearDiscriminantAnalysis
153,372,0.8551282051282051, LinearDiscriminantAnalysis
154,382,0.8551282051282051, LinearDiscriminantAnalysis
155,383,0.8551282051282051, LinearDiscriminantAnalysis
156,384,0.8551282051282051, LinearDiscriminantAnalysis
157,387,0.8551282051282051, LinearDiscriminantAnalysis
158,389,0.8551282051282051, LinearDiscriminantAnalysis
159,392,0.8551282051282051, LinearDiscriminantAnalysis
160,396,0.8551282051282051, LinearDiscriminantAnalysis
161,398,0.8551282051282051, LinearDiscriminantAnalysis
162,406,0.8551282051282051, LinearDiscriminantAnalysis
163,411,0.8551282051282051, LinearDiscriminantAnalysis
164,412,0.8551282051282051, LinearDiscriminantAnalysis
165,413,0.8551282051282051, LinearDiscriminantAnalysis
166,417,0.8551282051282051, LinearDiscriminantAnalysis
167,418,0.8551282051282051, LinearDiscriminantAnalysis
168,420,0.8551282051282051, LinearDiscriminantAnalysis
169,426,0.8551282051282051, LinearDiscriminantAnalysis
170,427,0.8551282051282051, LinearDiscriminantAnalysis
171,428,0.8551282051282051, LinearDiscriminantAnalysis
172,434,0.8551282051282051, LinearDiscriminantAnalysis
173,435,0.8551282051282051, LinearDiscriminantAnalysis
174,439,0.8551282051282051, LinearDiscriminantAnalysis
175,449,0.8551282051282051, LinearDiscriminantAnalysis
176,452,0.8551282051282051, LinearDiscriminantAnalysis
177,454,0.8551282051282051, LinearDiscriminantAnalysis
178,455,0.8551282051282051, LinearDiscriminantAnalysis
179,459,0.8551282051282051, LinearDiscriminantAnalysis
180,460,0.8551282051282051, LinearDiscriminantAnalysis
181,461,0.8551282051282051, LinearDiscriminantAnalysis
182,464,0.8551282051282051, LinearDiscriminantAnalysis
183,465,0.8551282051282051, LinearDiscriminantAnalysis
184,466,0.8551282051282051, LinearDiscriminantAnalysis
185,467,0.8551282051282051, LinearDiscriminantAnalysis
186,472,0.8551282051282051, LinearDiscriminantAnalysis
187,474,0.8551282051282051, LinearDiscriminantAnalysis
188,475,0.8551282051282051, LinearDiscriminantAnalysis
189,476,0.8551282051282051, LinearDiscriminantAnalysis
190,477,0.8551282051282051, LinearDiscriminantAnalysis
191,478,0.8551282051282051, LinearDiscriminantAnalysis
192,479,0.8551282051282051, LinearDiscriminantAnalysis
193,480,0.8551282051282051, LinearDiscriminantAnalysis
194,481,0.8551282051282051, LinearDiscriminantAnalysis
195,482,0.8551282051282051, LinearDiscriminantAnalysis
196,484,0.8551282051282051, LinearDiscriminantAnalysis
197,485,0.8551282051282051, LinearDiscriminantAnalysis
198,486,0.8551282051282051, LinearDiscriminantAnalysis
199,487,0.8551282051282051, LinearDiscriminantAnalysis
200,488,0.8551282051282051, LinearDiscriminantAnalysis
201,490,0.8551282051282051, LinearDiscriminantAnalysis
202,496,0.8551282051282051, LinearDiscriminantAnalysis
203,497,0.8551282051282051, LinearDiscriminantAnalysis
204,498,0.8551282051282051, LinearDiscriminantAnalysis
205,502,0.8551282051282051, LinearDiscriminantAnalysis
206,503,0.8551282051282051, LinearDiscriminantAnalysis
207,509,0.8551282051282051, LinearDiscriminantAnalysis
208,510,0.8551282051282051, LinearDiscriminantAnalysis
209,513,0.8551282051282051, LinearDiscriminantAnalysis
210,514,0.8551282051282051, LinearDiscriminantAnalysis
211,517,0.8551282051282051, LinearDiscriminantAnalysis
212,521,0.8551282051282051, LinearDiscriminantAnalysis
213,524,0.8551282051282051, LinearDiscriminantAnalysis
214,525,0.8551282051282051, LinearDiscriminantAnalysis
215,529,0.8551282051282051, LinearDiscriminantAnalysis
216,532,0.8551282051282051, LinearDiscriminantAnalysis
217,533,0.8551282051282051, LinearDiscriminantAnalysis
218,534,0.8551282051282051, LinearDiscriminantAnalysis
219,535,0.8551282051282051, LinearDiscriminantAnalysis
220,541,0.8551282051282051, LinearDiscriminantAnalysis
221,542,0.8551282051282051, LinearDiscriminantAnalysis
222,543,0.8551282051282051, LinearDiscriminantAnalysis
223,545,0.8551282051282051, LinearDiscriminantAnalysis
224,550,0.8551282051282051, LinearDiscriminantAnalysis
225,553,0.8551282051282051, LinearDiscriminantAnalysis
226,554,0.8551282051282051, LinearDiscriminantAnalysis
227,555,0.8551282051282051, LinearDiscriminantAnalysis
228,557,0.8551282051282051, LinearDiscriminantAnalysis
229,558,0.8551282051282051, LinearDiscriminantAnalysis
230,560,0.8551282051282051, LinearDiscriminantAnalysis
231,562,0.8551282051282051, LinearDiscriminantAnalysis
232,565,0.8551282051282051, LinearDiscriminantAnalysis
233,566,0.8551282051282051, LinearDiscriminantAnalysis
234,568,0.8551282051282051, LinearDiscriminantAnalysis
235,569,0.8551282051282051, LinearDiscriminantAnalysis
236,573,0.8551282051282051, LinearDiscriminantAnalysis
237,575,0.8551282051282051, LinearDiscriminantAnalysis
238,577,0.8551282051282051, LinearDiscriminantAnalysis
239,581,0.8551282051282051, LinearDiscriminantAnalysis
240,582,0.8551282051282051, LinearDiscriminantAnalysis
241,583,0.8551282051282051, LinearDiscriminantAnalysis
242,585,0.8551282051282051, LinearDiscriminantAnalysis
243,587,0.8551282051282051, LinearDiscriminantAnalysis
244,590,0.8551282051282051, LinearDiscriminantAnalysis
245,599,0.8551282051282051, LinearDiscriminantAnalysis
246,600,0.8551282051282051, LinearDiscriminantAnalysis
247,605,0.8551282051282051, LinearDiscriminantAnalysis
248,609,0.8551282051282051, LinearDiscriminantAnalysis
249,611,0.8551282051282051, LinearDiscriminantAnalysis
250,613,0.8551282051282051, LinearDiscriminantAnalysis
251,616,0.8551282051282051, LinearDiscriminantAnalysis
252,620,0.8551282051282051, LinearDiscriminantAnalysis
253,622,0.8551282051282051, LinearDiscriminantAnalysis
254,627,0.8551282051282051, LinearDiscriminantAnalysis
255,629,0.8551282051282051, LinearDiscriminantAnalysis
256,631,0.8551282051282051, LinearDiscriminantAnalysis
257,634,0.8551282051282051, LinearDiscriminantAnalysis
258,637,0.8551282051282051, LinearDiscriminantAnalysis
259,638,0.8551282051282051, LinearDiscriminantAnalysis
260,643,0.8551282051282051, LinearDiscriminantAnalysis
261,647,0.8551282051282051, LinearDiscriminantAnalysis
262,650,0.8551282051282051, LinearDiscriminantAnalysis
263,654,0.8551282051282051, LinearDiscriminantAnalysis
264,658,0.8551282051282051, LinearDiscriminantAnalysis
265,659,0.8551282051282051, LinearDiscriminantAnalysis
266,660,0.8551282051282051, LinearDiscriminantAnalysis
267,662,0.8551282051282051, LinearDiscriminantAnalysis
268,670,0.8551282051282051, LinearDiscriminantAnalysis
269,672,0.8551282051282051, LinearDiscriminantAnalysis
270,673,0.8551282051282051, LinearDiscriminantAnalysis
271,674,0.8551282051282051, LinearDiscriminantAnalysis
272,675,0.8551282051282051, LinearDiscriminantAnalysis
273,678,0.8551282051282051, LinearDiscriminantAnalysis
274,680,0.8551282051282051, LinearDiscriminantAnalysis
275,682,0.8551282051282051, LinearDiscriminantAnalysis
276,683,0.8551282051282051, LinearDiscriminantAnalysis
277,684,0.8551282051282051, LinearDiscriminantAnalysis
278,694,0.8551282051282051, LinearDiscriminantAnalysis
279,696,0.8551282051282051, LinearDiscriminantAnalysis
280,697,0.8551282051282051, LinearDiscriminantAnalysis
281,706,0.8551282051282051, LinearDiscriminantAnalysis
282,707,0.8551282051282051, LinearDiscriminantAnalysis
283,710,0.8551282051282051, LinearDiscriminantAnalysis
284,711,0.8551282051282051, LinearDiscriminantAnalysis
285,714,0.8551282051282051, LinearDiscriminantAnalysis
286,717,0.8551282051282051, LinearDiscriminantAnalysis
287,718,0.8551282051282051, LinearDiscriminantAnalysis
288,723,0.8551282051282051, LinearDiscriminantAnalysis
289,726,0.8551282051282051, LinearDiscriminantAnalysis
290,728,0.8551282051282051, LinearDiscriminantAnalysis
291,730,0.8551282051282051, LinearDiscriminantAnalysis
292,731,0.8551282051282051, LinearDiscriminantAnalysis
293,735,0.8551282051282051, LinearDiscriminantAnalysis
294,736,0.8551282051282051, LinearDiscriminantAnalysis
295,738,0.8551282051282051, LinearDiscriminantAnalysis
296,739,0.8551282051282051, LinearDiscriminantAnalysis
297,743,0.8551282051282051, LinearDiscriminantAnalysis
298,744,0.8551282051282051, LinearDiscriminantAnalysis
299,752,0.8551282051282051, LinearDiscriminantAnalysis
300,753,0.8551282051282051, LinearDiscriminantAnalysis
301,755,0.8551282051282051, LinearDiscriminantAnalysis
302,756,0.8551282051282051, LinearDiscriminantAnalysis
303,760,0.8551282051282051, LinearDiscriminantAnalysis
304,762,0.8551282051282051, LinearDiscriminantAnalysis
305,763,0.8551282051282051, LinearDiscriminantAnalysis
306,765,0.8551282051282051, LinearDiscriminantAnalysis
307,767,0.8551282051282051, LinearDiscriminantAnalysis
308,768,0.8551282051282051, LinearDiscriminantAnalysis
309,769,0.8551282051282051, LinearDiscriminantAnalysis
310,771,0.8551282051282051, LinearDiscriminantAnalysis
311,772,0.8551282051282051, LinearDiscriminantAnalysis
312,775,0.8551282051282051, LinearDiscriminantAnalysis
313,778,0.8551282051282051, LinearDiscriminantAnalysis
314,780,0.8551282051282051, LinearDiscriminantAnalysis
315,781,0.8551282051282051, LinearDiscriminantAnalysis
316,791,0.8551282051282051, LinearDiscriminantAnalysis
317,792,0.8551282051282051, LinearDiscriminantAnalysis
318,793,0.8551282051282051, LinearDiscriminantAnalysis
319,794,0.8551282051282051, LinearDiscriminantAnalysis
320,796,0.8551282051282051, LinearDiscriminantAnalysis
321,799,0.8551282051282051, LinearDiscriminantAnalysis
322,801,0.8551282051282051, LinearDiscriminantAnalysis
323,804,0.8551282051282051, LinearDiscriminantAnalysis
324,809,0.8551282051282051, LinearDiscriminantAnalysis
325,814,0.8551282051282051, LinearDiscriminantAnalysis
326,822,0.8551282051282051, LinearDiscriminantAnalysis
327,823,0.8551282051282051, LinearDiscriminantAnalysis
328,825,0.8551282051282051, LinearDiscriminantAnalysis
329,829,0.8551282051282051, LinearDiscriminantAnalysis
330,833,0.8551282051282051, LinearDiscriminantAnalysis
331,838,0.8551282051282051, LinearDiscriminantAnalysis
332,839,0.8551282051282051, LinearDiscriminantAnalysis
333,843,0.8551282051282051, LinearDiscriminantAnalysis
334,844,0.8551282051282051, LinearDiscriminantAnalysis
335,845,0.8551282051282051, LinearDiscriminantAnalysis
336,848,0.8551282051282051, LinearDiscriminantAnalysis
337,852,0.8551282051282051, LinearDiscriminantAnalysis
338,854,0.8551282051282051, LinearDiscriminantAnalysis
339,857,0.8551282051282051, LinearDiscriminantAnalysis
340,858,0.8551282051282051, LinearDiscriminantAnalysis
341,859,0.8551282051282051, LinearDiscriminantAnalysis
342,861,0.8551282051282051, LinearDiscriminantAnalysis
343,863,0.8551282051282051, LinearDiscriminantAnalysis
344,867,0.8551282051282051, LinearDiscriminantAnalysis
345,868,0.8551282051282051, LinearDiscriminantAnalysis
346,870,0.8551282051282051, LinearDiscriminantAnalysis
347,871,0.8551282051282051, LinearDiscriminantAnalysis
348,872,0.8551282051282051, LinearDiscriminantAnalysis
349,876,0.8551282051282051, LinearDiscriminantAnalysis
350,881,0.8551282051282051, LinearDiscriminantAnalysis
351,885,0.8551282051282051, LinearDiscriminantAnalysis
352,886,0.8551282051282051, LinearDiscriminantAnalysis
353,887,0.8551282051282051, LinearDiscriminantAnalysis
354,889,0.8551282051282051, LinearDiscriminantAnalysis
355,892,0.8551282051282051, LinearDiscriminantAnalysis
356,893,0.8551282051282051, LinearDiscriminantAnalysis
357,894,0.8551282051282051, LinearDiscriminantAnalysis
358,896,0.8551282051282051, LinearDiscriminantAnalysis
359,906,0.8551282051282051, LinearDiscriminantAnalysis
360,909,0.8551282051282051, LinearDiscriminantAnalysis
361,911,0.8551282051282051, LinearDiscriminantAnalysis
362,912,0.8551282051282051, LinearDiscriminantAnalysis
363,914,0.8551282051282051, LinearDiscriminantAnalysis
364,918,0.8551282051282051, LinearDiscriminantAnalysis
365,926,0.8551282051282051, LinearDiscriminantAnalysis
366,928,0.8551282051282051, LinearDiscriminantAnalysis
367,930,0.8551282051282051, LinearDiscriminantAnalysis
368,932,0.8551282051282051, LinearDiscriminantAnalysis
369,933,0.8551282051282051, LinearDiscriminantAnalysis
370,934,0.8551282051282051, LinearDiscriminantAnalysis
371,938,0.8551282051282051, LinearDiscriminantAnalysis
372,943,0.8551282051282051, LinearDiscriminantAnalysis
373,944,0.8551282051282051, LinearDiscriminantAnalysis
374,947,0.8551282051282051, LinearDiscriminantAnalysis
375,948,0.8551282051282051, LinearDiscriminantAnalysis
376,952,0.8551282051282051, LinearDiscriminantAnalysis
377,960,0.8551282051282051, LinearDiscriminantAnalysis
378,962,0.8551282051282051, LinearDiscriminantAnalysis
379,963,0.8551282051282051, LinearDiscriminantAnalysis
380,964,0.8551282051282051, LinearDiscriminantAnalysis
381,969,0.8551282051282051, LinearDiscriminantAnalysis
382,970,0.8551282051282051, LinearDiscriminantAnalysis
383,971,0.8551282051282051, LinearDiscriminantAnalysis
384,972,0.8551282051282051, LinearDiscriminantAnalysis
385,973,0.8551282051282051, LinearDiscriminantAnalysis
386,974,0.8551282051282051, LinearDiscriminantAnalysis
387,977,0.8551282051282051, LinearDiscriminantAnalysis
388,978,0.8551282051282051, LinearDiscriminantAnalysis
389,979,0.8551282051282051, LinearDiscriminantAnalysis
390,982,0.8551282051282051, LinearDiscriminantAnalysis
391,983,0.8551282051282051, LinearDiscriminantAnalysis
392,984,0.8551282051282051, LinearDiscriminantAnalysis
393,985,0.8551282051282051, LinearDiscriminantAnalysis
394,986,0.8551282051282051, LinearDiscriminantAnalysis
395,987,0.8551282051282051, LinearDiscriminantAnalysis
396,988,0.8551282051282051, LinearDiscriminantAnalysis
397,990,0.8551282051282051, LinearDiscriminantAnalysis
398,992,0.8551282051282051, LinearDiscriminantAnalysis
399,993,0.8551282051282051, LinearDiscriminantAnalysis
400,994,0.8551282051282051, LinearDiscriminantAnalysis
401,995,0.8551282051282051, LinearDiscriminantAnalysis
402,998,0.8551282051282051, LinearDiscriminantAnalysis
403,999,0.8551282051282051, LinearDiscriminantAnalysis
404,1000,0.8551282051282051, LinearDiscriminantAnalysis
405,1001,0.8551282051282051, LinearDiscriminantAnalysis
406,1002,0.8551282051282051, LinearDiscriminantAnalysis
407,1003,0.8551282051282051, LinearDiscriminantAnalysis
408,1005,0.8551282051282051, LinearDiscriminantAnalysis
409,1007,0.8551282051282051, LinearDiscriminantAnalysis
410,1010,0.8551282051282051, LinearDiscriminantAnalysis
411,1018,0.8551282051282051, LinearDiscriminantAnalysis
412,1023,0.8551282051282051, LinearDiscriminantAnalysis
413,1028,0.8551282051282051, LinearDiscriminantAnalysis
414,1029,0.8551282051282051, LinearDiscriminantAnalysis
415,1032,0.8551282051282051, LinearDiscriminantAnalysis
416,1035,0.8551282051282051, LinearDiscriminantAnalysis
417,1037,0.8551282051282051, LinearDiscriminantAnalysis
418,1038,0.8551282051282051, LinearDiscriminantAnalysis
419,1042,0.8551282051282051, LinearDiscriminantAnalysis
420,1044,0.8551282051282051, LinearDiscriminantAnalysis
421,1050,0.8551282051282051, LinearDiscriminantAnalysis
422,1053,0.8551282051282051, LinearDiscriminantAnalysis
423,1057,0.8551282051282051, LinearDiscriminantAnalysis
424,1059,0.8551282051282051, LinearDiscriminantAnalysis
425,1060,0.8551282051282051, LinearDiscriminantAnalysis
426,1061,0.8551282051282051, LinearDiscriminantAnalysis
427,1062,0.8551282051282051, LinearDiscriminantAnalysis
428,1065,0.8551282051282051, LinearDiscriminantAnalysis
429,1066,0.8551282051282051, LinearDiscriminantAnalysis
430,1072,0.8551282051282051, LinearDiscriminantAnalysis
431,1074,0.8551282051282051, LinearDiscriminantAnalysis
432,1077,0.8551282051282051, LinearDiscriminantAnalysis
433,1081,0.8551282051282051, LinearDiscriminantAnalysis
434,1084,0.8551282051282051, LinearDiscriminantAnalysis
435,1086,0.8551282051282051, LinearDiscriminantAnalysis
436,1089,0.8551282051282051, LinearDiscriminantAnalysis
437,1090,0.8551282051282051, LinearDiscriminantAnalysis
438,1091,0.8551282051282051, LinearDiscriminantAnalysis
439,1098,0.8551282051282051, LinearDiscriminantAnalysis
440,1101,0.8551282051282051, LinearDiscriminantAnalysis
441,1102,0.8551282051282051, LinearDiscriminantAnalysis
442,1103,0.8551282051282051, LinearDiscriminantAnalysis
443,1109,0.8551282051282051, LinearDiscriminantAnalysis
444,1112,0.8551282051282051, LinearDiscriminantAnalysis
445,1113,0.8551282051282051, LinearDiscriminantAnalysis
446,1115,0.8551282051282051, LinearDiscriminantAnalysis
447,1118,0.8551282051282051, LinearDiscriminantAnalysis
448,1119,0.8551282051282051, LinearDiscriminantAnalysis
449,1121,0.8551282051282051, LinearDiscriminantAnalysis
450,1122,0.8551282051282051, LinearDiscriminantAnalysis
451,1124,0.8551282051282051, LinearDiscriminantAnalysis
452,1127,0.8551282051282051, LinearDiscriminantAnalysis
453,1129,0.8551282051282051, LinearDiscriminantAnalysis
454,1130,0.8551282051282051, LinearDiscriminantAnalysis
455,1131,0.8551282051282051, LinearDiscriminantAnalysis
456,1132,0.8551282051282051, LinearDiscriminantAnalysis
457,1134,0.8551282051282051, LinearDiscriminantAnalysis
458,1138,0.8551282051282051, LinearDiscriminantAnalysis
459,1142,0.8551282051282051, LinearDiscriminantAnalysis
460,1144,0.8551282051282051, LinearDiscriminantAnalysis
461,1147,0.8551282051282051, LinearDiscriminantAnalysis
462,1148,0.8551282051282051, LinearDiscriminantAnalysis
463,1154,0.8551282051282051, LinearDiscriminantAnalysis
464,1162,0.8551282051282051, LinearDiscriminantAnalysis
465,1164,0.8551282051282051, LinearDiscriminantAnalysis
466,1165,0.8551282051282051, LinearDiscriminantAnalysis
467,1167,0.8551282051282051, LinearDiscriminantAnalysis
468,1172,0.8551282051282051, LinearDiscriminantAnalysis
469,1173,0.8551282051282051, LinearDiscriminantAnalysis
470,1178,0.8551282051282051, LinearDiscriminantAnalysis
471,1182,0.8551282051282051, LinearDiscriminantAnalysis
472,1183,0.8551282051282051, LinearDiscriminantAnalysis
473,1185,0.8551282051282051, LinearDiscriminantAnalysis
474,1189,0.8551282051282051, LinearDiscriminantAnalysis
475,1190,0.8551282051282051, LinearDiscriminantAnalysis
476,1196,0.8551282051282051, LinearDiscriminantAnalysis
477,1198,0.8551282051282051, LinearDiscriminantAnalysis
478,1199,0.8551282051282051, LinearDiscriminantAnalysis
479,1201,0.8551282051282051, LinearDiscriminantAnalysis
480,1203,0.8551282051282051, LinearDiscriminantAnalysis
481,1204,0.8551282051282051, LinearDiscriminantAnalysis
482,1206,0.8551282051282051, LinearDiscriminantAnalysis
483,1207,0.8551282051282051, LinearDiscriminantAnalysis
484,1215,0.8551282051282051, LinearDiscriminantAnalysis
485,1216,0.8551282051282051, LinearDiscriminantAnalysis
486,1218,0.8551282051282051, LinearDiscriminantAnalysis
487,1223,0.8551282051282051, LinearDiscriminantAnalysis
488,1224,0.8551282051282051, LinearDiscriminantAnalysis
489,1226,0.8551282051282051, LinearDiscriminantAnalysis
490,1228,0.8551282051282051, LinearDiscriminantAnalysis
491,1230,0.8551282051282051, LinearDiscriminantAnalysis
492,1231,0.8551282051282051, LinearDiscriminantAnalysis
493,1232,0.8551282051282051, LinearDiscriminantAnalysis
494,1241,0.8551282051282051, LinearDiscriminantAnalysis
495,1242,0.8551282051282051, LinearDiscriminantAnalysis
496,1246,0.8551282051282051, LinearDiscriminantAnalysis
497,1249,0.8551282051282051, LinearDiscriminantAnalysis
498,1251,0.8551282051282051, LinearDiscriminantAnalysis
499,1252,0.8551282051282051, LinearDiscriminantAnalysis
500,1256,0.8551282051282051, LinearDiscriminantAnalysis
501,1260,0.8551282051282051, LinearDiscriminantAnalysis
502,1262,0.8551282051282051, LinearDiscriminantAnalysis
503,1265,0.8551282051282051, LinearDiscriminantAnalysis
504,1275,0.8551282051282051, LinearDiscriminantAnalysis
505,1280,0.8551282051282051, LinearDiscriminantAnalysis
506,1283,0.8551282051282051, LinearDiscriminantAnalysis
507,1285,0.8551282051282051, LinearDiscriminantAnalysis
508,1286,0.8551282051282051, LinearDiscriminantAnalysis
509,1290,0.8551282051282051, LinearDiscriminantAnalysis
510,1291,0.8551282051282051, LinearDiscriminantAnalysis
511,1293,0.8551282051282051, LinearDiscriminantAnalysis
512,1294,0.8551282051282051, LinearDiscriminantAnalysis
513,1297,0.8551282051282051, LinearDiscriminantAnalysis
514,1300,0.8551282051282051, LinearDiscriminantAnalysis
515,1301,0.8551282051282051, LinearDiscriminantAnalysis
516,1303,0.8551282051282051, LinearDiscriminantAnalysis
517,1307,0.8551282051282051, LinearDiscriminantAnalysis
518,1309,0.8551282051282051, LinearDiscriminantAnalysis
519,1310,0.8551282051282051, LinearDiscriminantAnalysis
520,1311,0.8551282051282051, LinearDiscriminantAnalysis
521,1321,0.8551282051282051, LinearDiscriminantAnalysis
522,1323,0.8551282051282051, LinearDiscriminantAnalysis
523,1327,0.8551282051282051, LinearDiscriminantAnalysis
524,1330,0.8551282051282051, LinearDiscriminantAnalysis
525,1331,0.8551282051282051, LinearDiscriminantAnalysis
526,1333,0.8551282051282051, LinearDiscriminantAnalysis
527,1337,0.8551282051282051, LinearDiscriminantAnalysis
528,1340,0.8551282051282051, LinearDiscriminantAnalysis
529,1341,0.8551282051282051, LinearDiscriminantAnalysis
530,1342,0.8551282051282051, LinearDiscriminantAnalysis
531,1345,0.8551282051282051, LinearDiscriminantAnalysis
532,1349,0.8551282051282051, LinearDiscriminantAnalysis
533,1350,0.8551282051282051, LinearDiscriminantAnalysis
534,1352,0.8551282051282051, LinearDiscriminantAnalysis
535,1353,0.8551282051282051, LinearDiscriminantAnalysis
536,1354,0.8551282051282051, LinearDiscriminantAnalysis
537,1355,0.8551282051282051, LinearDiscriminantAnalysis
538,1356,0.8551282051282051, LinearDiscriminantAnalysis
539,1357,0.8551282051282051, LinearDiscriminantAnalysis
540,1366,0.8551282051282051, LinearDiscriminantAnalysis
541,1368,0.8551282051282051, LinearDiscriminantAnalysis
542,1373,0.8551282051282051, LinearDiscriminantAnalysis
543,1379,0.8551282051282051, LinearDiscriminantAnalysis
544,1382,0.8551282051282051, LinearDiscriminantAnalysis
545,1383,0.8551282051282051, LinearDiscriminantAnalysis
546,1384,0.8551282051282051, LinearDiscriminantAnalysis
547,1385,0.8551282051282051, LinearDiscriminantAnalysis
548,1387,0.8551282051282051, LinearDiscriminantAnalysis
549,1390,0.8551282051282051, LinearDiscriminantAnalysis
550,1392,0.8551282051282051, LinearDiscriminantAnalysis
551,1394,0.8551282051282051, LinearDiscriminantAnalysis
552,1395,0.8551282051282051, LinearDiscriminantAnalysis
553,1396,0.8551282051282051, LinearDiscriminantAnalysis
554,1397,0.8551282051282051, LinearDiscriminantAnalysis
555,1400,0.8551282051282051, LinearDiscriminantAnalysis
556,1405,0.8551282051282051, LinearDiscriminantAnalysis
557,1407,0.8551282051282051, LinearDiscriminantAnalysis
558,1408,0.8551282051282051, LinearDiscriminantAnalysis
559,1410,0.8551282051282051, LinearDiscriminantAnalysis
560,1412,0.8551282051282051, LinearDiscriminantAnalysis
561,1413,0.8551282051282051, LinearDiscriminantAnalysis
562,1414,0.8551282051282051, LinearDiscriminantAnalysis
563,1415,0.8551282051282051, LinearDiscriminantAnalysis
564,1416,0.8551282051282051, LinearDiscriminantAnalysis
565,1418,0.8551282051282051, LinearDiscriminantAnalysis
566,1419,0.8551282051282051, LinearDiscriminantAnalysis
567,1420,0.8551282051282051, LinearDiscriminantAnalysis
568,1426,0.8551282051282051, LinearDiscriminantAnalysis
569,1428,0.8551282051282051, LinearDiscriminantAnalysis
570,1429,0.8551282051282051, LinearDiscriminantAnalysis
571,1432,0.8551282051282051, LinearDiscriminantAnalysis
572,1433,0.8551282051282051, LinearDiscriminantAnalysis
573,1435,0.8551282051282051, LinearDiscriminantAnalysis
574,1437,0.8551282051282051, LinearDiscriminantAnalysis
575,1441,0.8551282051282051, LinearDiscriminantAnalysis
576,1445,0.8551282051282051, LinearDiscriminantAnalysis
577,1449,0.8551282051282051, LinearDiscriminantAnalysis
578,1450,0.8551282051282051, LinearDiscriminantAnalysis
579,1452,0.8551282051282051, LinearDiscriminantAnalysis
580,1456,0.8551282051282051, LinearDiscriminantAnalysis
581,1457,0.8551282051282051, LinearDiscriminantAnalysis
582,1459,0.8551282051282051, LinearDiscriminantAnalysis
583,1462,0.8551282051282051, LinearDiscriminantAnalysis
584,1463,0.8551282051282051, LinearDiscriminantAnalysis
585,1464,0.8551282051282051, LinearDiscriminantAnalysis
586,1467,0.8551282051282051, LinearDiscriminantAnalysis
587,1470,0.8551282051282051, LinearDiscriminantAnalysis
588,1471,0.8551282051282051, LinearDiscriminantAnalysis
589,1473,0.8551282051282051, LinearDiscriminantAnalysis
590,1479,0.8551282051282051, LinearDiscriminantAnalysis
591,1480,0.8551282051282051, LinearDiscriminantAnalysis
592,1481,0.8551282051282051, LinearDiscriminantAnalysis
593,1483,0.8551282051282051, LinearDiscriminantAnalysis
594,1488,0.8551282051282051, LinearDiscriminantAnalysis
595,1491,0.8551282051282051, LinearDiscriminantAnalysis
596,1492,0.8551282051282051, LinearDiscriminantAnalysis
597,1493,0.8551282051282051, LinearDiscriminantAnalysis
598,1494,0.8551282051282051, LinearDiscriminantAnalysis
599,1495,0.8551282051282051, LinearDiscriminantAnalysis
600,1496,0.8551282051282051, LinearDiscriminantAnalysis
601,1497,0.8551282051282051, LinearDiscriminantAnalysis
602,1501,0.8551282051282051, LinearDiscriminantAnalysis
603,1505,0.8551282051282051, LinearDiscriminantAnalysis
604,1506,0.8551282051282051, LinearDiscriminantAnalysis
605,1507,0.8551282051282051, LinearDiscriminantAnalysis
606,1510,0.8551282051282051, LinearDiscriminantAnalysis
607,1516,0.8551282051282051, LinearDiscriminantAnalysis
608,1519,0.8551282051282051, LinearDiscriminantAnalysis
609,1523,0.8551282051282051, LinearDiscriminantAnalysis
610,1526,0.8551282051282051, LinearDiscriminantAnalysis
611,1527,0.8551282051282051, LinearDiscriminantAnalysis
612,1528,0.8551282051282051, LinearDiscriminantAnalysis
613,1532,0.8551282051282051, LinearDiscriminantAnalysis
614,1533,0.8551282051282051, LinearDiscriminantAnalysis
615,1535,0.8551282051282051, LinearDiscriminantAnalysis
616,1536,0.8551282051282051, LinearDiscriminantAnalysis
617,1538,0.8551282051282051, LinearDiscriminantAnalysis
618,1542,0.8551282051282051, LinearDiscriminantAnalysis
619,1548,0.8551282051282051, LinearDiscriminantAnalysis
620,1550,0.8551282051282051, LinearDiscriminantAnalysis
621,1552,0.8551282051282051, LinearDiscriminantAnalysis
622,1557,0.8551282051282051, LinearDiscriminantAnalysis
623,1559,0.8551282051282051, LinearDiscriminantAnalysis
624,1561,0.8551282051282051, LinearDiscriminantAnalysis
625,1562,0.8551282051282051, LinearDiscriminantAnalysis
626,1563,0.8551282051282051, LinearDiscriminantAnalysis
627,1565,0.8551282051282051, LinearDiscriminantAnalysis
628,1567,0.8551282051282051, LinearDiscriminantAnalysis
629,1571,0.8551282051282051, LinearDiscriminantAnalysis
630,1572,0.8551282051282051, LinearDiscriminantAnalysis
631,1573,0.8551282051282051, LinearDiscriminantAnalysis
632,1574,0.8551282051282051, LinearDiscriminantAnalysis
633,1579,0.8551282051282051, LinearDiscriminantAnalysis
634,1581,0.8551282051282051, LinearDiscriminantAnalysis
635,1583,0.8551282051282051, LinearDiscriminantAnalysis
636,1588,0.8551282051282051, LinearDiscriminantAnalysis
637,1590,0.8551282051282051, LinearDiscriminantAnalysis
638,1594,0.8551282051282051, LinearDiscriminantAnalysis
639,1595,0.8551282051282051, LinearDiscriminantAnalysis
640,1597,0.8551282051282051, LinearDiscriminantAnalysis
641,1598,0.8551282051282051, LinearDiscriminantAnalysis
642,1604,0.8551282051282051, LinearDiscriminantAnalysis
643,1605,0.8551282051282051, LinearDiscriminantAnalysis
644,1607,0.8551282051282051, LinearDiscriminantAnalysis
645,1612,0.8551282051282051, LinearDiscriminantAnalysis
646,1613,0.8551282051282051, LinearDiscriminantAnalysis
647,1615,0.8551282051282051, LinearDiscriminantAnalysis
648,1618,0.8551282051282051, LinearDiscriminantAnalysis
649,1624,0.8551282051282051, LinearDiscriminantAnalysis
650,1627,0.8551282051282051, LinearDiscriminantAnalysis
651,1628,0.8551282051282051, LinearDiscriminantAnalysis
652,1634,0.8551282051282051, LinearDiscriminantAnalysis
653,1636,0.8551282051282051, LinearDiscriminantAnalysis
654,1638,0.8551282051282051, LinearDiscriminantAnalysis
655,1641,0.8551282051282051, LinearDiscriminantAnalysis
656,1642,0.8551282051282051, LinearDiscriminantAnalysis
657,1645,0.8551282051282051, LinearDiscriminantAnalysis
658,1647,0.8551282051282051, LinearDiscriminantAnalysis
659,1650,0.8551282051282051, LinearDiscriminantAnalysis
660,1653,0.8551282051282051, LinearDiscriminantAnalysis
661,1661,0.8551282051282051, LinearDiscriminantAnalysis
662,1662,0.8551282051282051, LinearDiscriminantAnalysis
663,1664,0.8551282051282051, LinearDiscriminantAnalysis
664,1666,0.8551282051282051, LinearDiscriminantAnalysis
665,1668,0.8551282051282051, LinearDiscriminantAnalysis
666,1669,0.8551282051282051, LinearDiscriminantAnalysis
667,1670,0.8551282051282051, LinearDiscriminantAnalysis
668,1677,0.8551282051282051, LinearDiscriminantAnalysis
669,1678,0.8551282051282051, LinearDiscriminantAnalysis
670,1679,0.8551282051282051, LinearDiscriminantAnalysis
671,1680,0.8551282051282051, LinearDiscriminantAnalysis
672,1681,0.8551282051282051, LinearDiscriminantAnalysis
673,1685,0.8551282051282051, LinearDiscriminantAnalysis
674,1687,0.8551282051282051, LinearDiscriminantAnalysis
675,1688,0.8551282051282051, LinearDiscriminantAnalysis
676,1689,0.8551282051282051, LinearDiscriminantAnalysis
677,1691,0.8551282051282051, LinearDiscriminantAnalysis
678,1694,0.8551282051282051, LinearDiscriminantAnalysis
679,1695,0.8551282051282051, LinearDiscriminantAnalysis
680,1696,0.8551282051282051, LinearDiscriminantAnalysis
681,1699,0.8551282051282051, LinearDiscriminantAnalysis
682,1700,0.8551282051282051, LinearDiscriminantAnalysis
683,1701,0.8551282051282051, LinearDiscriminantAnalysis
684,1702,0.8551282051282051, LinearDiscriminantAnalysis
685,1704,0.8551282051282051, LinearDiscriminantAnalysis
686,1705,0.8551282051282051, LinearDiscriminantAnalysis
687,1706,0.8551282051282051, LinearDiscriminantAnalysis
688,1708,0.8551282051282051, LinearDiscriminantAnalysis
689,1710,0.8551282051282051, LinearDiscriminantAnalysis
690,1711,0.8551282051282051, LinearDiscriminantAnalysis
691,1713,0.8551282051282051, LinearDiscriminantAnalysis
692,1716,0.8551282051282051, LinearDiscriminantAnalysis
693,1719,0.8551282051282051, LinearDiscriminantAnalysis
694,1724,0.8551282051282051, LinearDiscriminantAnalysis
695,1725,0.8551282051282051, LinearDiscriminantAnalysis
696,1726,0.8551282051282051, LinearDiscriminantAnalysis
697,1727,0.8551282051282051, LinearDiscriminantAnalysis
698,1735,0.8551282051282051, LinearDiscriminantAnalysis
699,1736,0.8551282051282051, LinearDiscriminantAnalysis
700,1741,0.8551282051282051, LinearDiscriminantAnalysis
701,1742,0.8551282051282051, LinearDiscriminantAnalysis
702,1744,0.8551282051282051, LinearDiscriminantAnalysis
703,1745,0.8551282051282051, LinearDiscriminantAnalysis
704,1746,0.8551282051282051, LinearDiscriminantAnalysis
705,1749,0.8551282051282051, LinearDiscriminantAnalysis
706,1750,0.8551282051282051, LinearDiscriminantAnalysis
707,1756,0.8551282051282051, LinearDiscriminantAnalysis
708,1761,0.8551282051282051, LinearDiscriminantAnalysis
709,1762,0.8551282051282051, LinearDiscriminantAnalysis
710,1763,0.8551282051282051, LinearDiscriminantAnalysis
711,1765,0.8551282051282051, LinearDiscriminantAnalysis
712,1766,0.8551282051282051, LinearDiscriminantAnalysis
713,1767,0.8551282051282051, LinearDiscriminantAnalysis
714,1771,0.8551282051282051, LinearDiscriminantAnalysis
715,1773,0.8551282051282051, LinearDiscriminantAnalysis
716,1775,0.8551282051282051, LinearDiscriminantAnalysis
717,1776,0.8551282051282051, LinearDiscriminantAnalysis
718,1780,0.8551282051282051, LinearDiscriminantAnalysis
719,1781,0.8551282051282051, LinearDiscriminantAnalysis
720,1782,0.8551282051282051, LinearDiscriminantAnalysis
721,1785,0.8551282051282051, LinearDiscriminantAnalysis
722,1786,0.8551282051282051, LinearDiscriminantAnalysis
723,1788,0.8551282051282051, LinearDiscriminantAnalysis
724,1790,0.8551282051282051, LinearDiscriminantAnalysis
725,1792,0.8551282051282051, LinearDiscriminantAnalysis
726,1794,0.8551282051282051, LinearDiscriminantAnalysis
727,1795,0.8551282051282051, LinearDiscriminantAnalysis
728,1797,0.8551282051282051, LinearDiscriminantAnalysis
729,1798,0.8551282051282051, LinearDiscriminantAnalysis
730,1799,0.8551282051282051, LinearDiscriminantAnalysis
731,1800,0.8551282051282051, LinearDiscriminantAnalysis
732,1801,0.8551282051282051, LinearDiscriminantAnalysis
733,1802,0.8551282051282051, LinearDiscriminantAnalysis
734,1803,0.8551282051282051, LinearDiscriminantAnalysis
735,1805,0.8551282051282051, LinearDiscriminantAnalysis
736,1807,0.8551282051282051, LinearDiscriminantAnalysis
737,1808,0.8551282051282051, LinearDiscriminantAnalysis
738,1811,0.8551282051282051, LinearDiscriminantAnalysis
739,1817,0.8551282051282051, LinearDiscriminantAnalysis
740,1819,0.8551282051282051, LinearDiscriminantAnalysis
741,1824,0.8551282051282051, LinearDiscriminantAnalysis
742,1825,0.8551282051282051, LinearDiscriminantAnalysis
743,1826,0.8551282051282051, LinearDiscriminantAnalysis
744,1829,0.8551282051282051, LinearDiscriminantAnalysis
745,1831,0.8551282051282051, LinearDiscriminantAnalysis
746,1832,0.8551282051282051, LinearDiscriminantAnalysis
747,1835,0.8551282051282051, LinearDiscriminantAnalysis
748,1836,0.8551282051282051, LinearDiscriminantAnalysis
749,1837,0.8551282051282051, LinearDiscriminantAnalysis
750,1844,0.8551282051282051, LinearDiscriminantAnalysis
751,1845,0.8551282051282051, LinearDiscriminantAnalysis
752,1851,0.8551282051282051, LinearDiscriminantAnalysis
753,1852,0.8551282051282051, LinearDiscriminantAnalysis
754,1853,0.8551282051282051, LinearDiscriminantAnalysis
755,1854,0.8551282051282051, LinearDiscriminantAnalysis
756,1857,0.8551282051282051, LinearDiscriminantAnalysis
757,1858,0.8551282051282051, LinearDiscriminantAnalysis
758,1861,0.8551282051282051, LinearDiscriminantAnalysis
759,1865,0.8551282051282051, LinearDiscriminantAnalysis
760,1866,0.8551282051282051, LinearDiscriminantAnalysis
761,1869,0.8551282051282051, LinearDiscriminantAnalysis
762,1871,0.8551282051282051, LinearDiscriminantAnalysis
763,1872,0.8551282051282051, LinearDiscriminantAnalysis
764,1875,0.8551282051282051, LinearDiscriminantAnalysis
765,1877,0.8551282051282051, LinearDiscriminantAnalysis
766,1878,0.8551282051282051, LinearDiscriminantAnalysis
767,1879,0.8551282051282051, LinearDiscriminantAnalysis
768,1881,0.8551282051282051, LinearDiscriminantAnalysis
769,1883,0.8551282051282051, LinearDiscriminantAnalysis
770,1887,0.8551282051282051, LinearDiscriminantAnalysis
771,1888,0.8551282051282051, LinearDiscriminantAnalysis
772,1894,0.8551282051282051, LinearDiscriminantAnalysis
773,1895,0.8551282051282051, LinearDiscriminantAnalysis
774,1896,0.8551282051282051, LinearDiscriminantAnalysis
775,1900,0.8551282051282051, LinearDiscriminantAnalysis
776,1902,0.8551282051282051, LinearDiscriminantAnalysis
777,1904,0.8551282051282051, LinearDiscriminantAnalysis
778,1905,0.8551282051282051, LinearDiscriminantAnalysis
779,1906,0.8551282051282051, LinearDiscriminantAnalysis
780,1908,0.8551282051282051, LinearDiscriminantAnalysis
781,1912,0.8551282051282051, LinearDiscriminantAnalysis
782,1913,0.8551282051282051, LinearDiscriminantAnalysis
783,1916,0.8551282051282051, LinearDiscriminantAnalysis
784,1917,0.8551282051282051, LinearDiscriminantAnalysis
785,1921,0.8551282051282051, LinearDiscriminantAnalysis
786,1922,0.8551282051282051, LinearDiscriminantAnalysis
787,1927,0.8551282051282051, LinearDiscriminantAnalysis
788,1949,0.8551282051282051, LinearDiscriminantAnalysis
789,1951,0.8551282051282051, LinearDiscriminantAnalysis
790,1952,0.8551282051282051, LinearDiscriminantAnalysis
791,1954,0.8551282051282051, LinearDiscriminantAnalysis
792,1955,0.8551282051282051, LinearDiscriminantAnalysis
793,1956,0.8551282051282051, LinearDiscriminantAnalysis
794,1959,0.8551282051282051, LinearDiscriminantAnalysis
795,1961,0.8551282051282051, LinearDiscriminantAnalysis
796,1963,0.8551282051282051, LinearDiscriminantAnalysis
797,1964,0.8551282051282051, LinearDiscriminantAnalysis
798,1968,0.8551282051282051, LinearDiscriminantAnalysis
799,1969,0.8551282051282051, LinearDiscriminantAnalysis
800,1971,0.8551282051282051, LinearDiscriminantAnalysis
801,1973,0.8551282051282051, LinearDiscriminantAnalysis
802,1977,0.8551282051282051, LinearDiscriminantAnalysis
803,1979,0.8551282051282051, LinearDiscriminantAnalysis
804,1982,0.8551282051282051, LinearDiscriminantAnalysis
805,1983,0.8551282051282051, LinearDiscriminantAnalysis
806,1994,0.8551282051282051, LinearDiscriminantAnalysis
